,InvoiceNo,Stock Code,Description,Quantity,InvoiceDate,UnitPrice,Customer ID,Country,TotalAmount,Age,Salary
0,489895,22130,PARTY CONE CHRISTMAS DECORATION ,12,03-12-2009 07:25,0.85,12779,Poland,10.2,23,56463
1,489895,21432,SET OF 3 CASES WOODLAND DESIGN,2,03-12-2009 07:25,5.95,12779,Poland,11.9,23,56463
2,489895,21232,STRAWBERRY CERAMIC TRINKET BOX,24,03-12-2009 07:25,1.25,12779,Poland,30,23,56463
3,489895,37448,CERAMIC CAKE DESIGN SPOTTED MUG,24,03-12-2009 07:25,1.49,12779,Poland,35.76,23,56463
4,489895,37494A,FAIRY CAKE CERAMIC BUTTER DISH,6,03-12-2009 07:25,2.95,12779,Poland,17.7,23,56463
5,489895,21700,BIG DOUGHNUT FRIDGE MAGNETS,24,03-12-2009 07:25,0.85,12779,Poland,20.4,23,56463
6,489895,47556B,TEA TIME TEA TOWELS ,6,03-12-2009 07:25,2.95,12779,Poland,17.7,23,56463
7,489895,22059,CERAMIC STRWBERRY DESIGN MUG,24,03-12-2009 07:25,1.49,12779,Poland,35.76,23,56463
8,489895,22055,MINI CAKE STAND  HANGING STRAWBERY,8,03-12-2009 07:25,1.65,12779,Poland,13.2,23,56463
9,489895,37446,MINI CAKE STAND WITH HANGING CAKES,8,03-12-2009 07:25,1.45,12779,Poland,11.6,23,56463
10,489895,84569D,PACK 6 HEART/ICE-CREAM PATCHES,12,03-12-2009 07:25,1.25,12779,Poland,15,23,56463
11,489895,22209,WOOD STAMP SET HAPPY BIRTHDAY,12,03-12-2009 07:25,1.65,12779,Poland,19.8,23,56463
12,489895,22210,WOOD STAMP SET BEST WISHES,12,03-12-2009 07:25,1.65,12779,Poland,19.8,23,56463
13,489895,22208,WOOD STAMP SET THANK YOU,12,03-12-2009 07:25,1.65,12779,Poland,19.8,23,56463
14,489895,21428,SET3 BOOK BOX GREEN GINGHAM FLOWER,4,03-12-2009 07:25,4.25,12779,Poland,17,23,56463
15,489895,21430,SET/3 RED GINGHAM ROSE STORAGE BOX,4,03-12-2009 07:25,3.75,12779,Poland,15,23,56463
16,489895,21884,CAKES AND BOWS GIFT  TAPE,12,03-12-2009 07:25,0.65,12779,Poland,7.8,23,56463
17,489895,21882,SKULLS TAPE,12,03-12-2009 07:25,0.65,12779,Poland,7.8,23,56463
18,489895,21880,RED AND WHITE SPOT TAPE,12,03-12-2009 07:25,0.65,12779,Poland,7.8,23,56463
19,489895,21883,STARS GIFT TAPE ,12,03-12-2009 07:25,0.65,12779,Poland,7.8,23,56463
20,489895,85049C,ROMANTIC PINKS RIBBONS ,12,03-12-2009 07:25,1.25,12779,Poland,15,23,56463
21,489895,85049F,BABY BOOM RIBBONS ,12,03-12-2009 07:25,1.25,12779,Poland,15,23,56463
22,499516,21232,STRAWBERRY CERAMIC TRINKET BOX,48,01-03-2010 09:56,1.25,12779,Poland,60,23,56463
23,499516,22055,MINI CAKE STAND  HANGING STRAWBERY,16,01-03-2010 09:56,1.65,12779,Poland,26.4,23,56463
24,499516,20712,JUMBO BAG WOODLAND ANIMALS,10,01-03-2010 09:56,1.95,12779,Poland,19.5,23,56463
25,499516,21930,JUMBO STORAGE BAG SKULLS,10,01-03-2010 09:56,1.95,12779,Poland,19.5,23,56463
26,499516,84815,SET OF 3 DANISH ROSE PLANTERS,6,01-03-2010 09:56,4.25,12779,Poland,25.5,23,56463
27,499516,47559B,TEA TIME OVEN GLOVE,10,01-03-2010 09:56,1.25,12779,Poland,12.5,23,56463
28,499516,22178,VICTORIAN GLASS HANGING T-LIGHT,12,01-03-2010 09:56,1.25,12779,Poland,15,23,56463
29,499516,84949,SILVER HANGING T-LIGHT HOLDER,12,01-03-2010 09:56,1.65,12779,Poland,19.8,23,56463
30,499516,47591B,SCOTTIES DES CHILD'S APRON,8,01-03-2010 09:56,1.65,12779,Poland,13.2,23,56463
31,499516,47591D,PINK FAIRY CAKE CHILD'S APRON,8,01-03-2010 09:56,1.95,12779,Poland,15.6,23,56463
32,499516,22057,CERAMIC PLATE STRAWBERRY DESIGN,12,01-03-2010 09:56,1.49,12779,Poland,17.88,23,56463
33,499516,37447,CERAMIC CAKE DESIGN SPOTTED PLATE,12,01-03-2010 09:56,1.49,12779,Poland,17.88,23,56463
34,499516,47504E,ENGLISH ROSE SCISSORS,12,01-03-2010 09:56,1.25,12779,Poland,15,23,56463
35,499516,47504K,ENGLISH ROSE GARDEN SECATEURS,12,01-03-2010 09:56,1.95,12779,Poland,23.4,23,56463
36,499516,22063,CERAMIC BOWL WITH STRAWBERRY DESIGN,6,01-03-2010 09:56,2.95,12779,Poland,17.7,23,56463
37,506142,21358,TOAST ITS - HAPPY BIRTHDAY,12,27-04-2010 16:19,1.25,12744,Singapore,15,41,23491
38,506142,21356,TOAST ITS - FAIRY FLOWER,12,27-04-2010 16:19,1.25,12744,Singapore,15,41,23491
39,506142,22485,SET OF 2 WOODEN MARKET CRATES,3,27-04-2010 16:19,12.75,12744,Singapore,38.25,41,23491
40,506142,22409,MONEY BOX BISCUITS DESIGN,12,27-04-2010 16:19,1.25,12744,Singapore,15,41,23491
41,506142,22605,WOODEN CROQUET GARDEN SET,4,27-04-2010 16:19,10.95,12744,Singapore,43.8,41,23491
42,506142,21888,BINGO SET,8,27-04-2010 16:19,3.75,12744,Singapore,30,41,23491
43,506142,20971,PINK BLUE FELT CRAFT TRINKET BOX,24,27-04-2010 16:19,1.25,12744,Singapore,30,41,23491
44,506142,20972,PINK CREAM FELT CRAFT TRINKET BOX ,24,27-04-2010 16:19,1.25,12744,Singapore,30,41,23491
45,506142,22423,REGENCY CAKESTAND 3 TIER,4,27-04-2010 16:19,12.75,12744,Singapore,51,41,23491
46,506142,22086,PAPER CHAIN KIT 50'S CHRISTMAS,18,27-04-2010 16:19,2.95,12744,Singapore,53.1,41,23491
47,506142,22365,DOOR MAT RESPECTABLE HOUSE,2,27-04-2010 16:19,7.49,12744,Singapore,14.98,41,23491
48,506142,22366,DOOR MAT AIRMAIL ,2,27-04-2010 16:19,7.49,12744,Singapore,14.98,41,23491
49,506142,21524,DOOR MAT SPOTTY HOME SWEET HOME,2,27-04-2010 16:19,7.49,12744,Singapore,14.98,41,23491
50,506142,48138,DOOR MAT UNION FLAG,4,27-04-2010 16:19,7.49,12744,Singapore,29.96,41,23491
51,506142,22119,PEACE WOODEN BLOCK LETTERS,3,27-04-2010 16:19,6.95,12744,Singapore,20.85,41,23491
52,506142,22121,NOEL WOODEN BLOCK LETTERS ,3,27-04-2010 16:19,5.95,12744,Singapore,17.85,41,23491
53,506142,21756,BATH BUILDING BLOCK WORD,3,27-04-2010 16:19,5.95,12744,Singapore,17.85,41,23491
54,506142,21755,LOVE BUILDING BLOCK WORD,3,27-04-2010 16:19,5.95,12744,Singapore,17.85,41,23491
55,506142,85150,LADIES & GENTLEMEN METAL SIGN,12,27-04-2010 16:19,2.55,12744,Singapore,30.6,41,23491
56,506142,21166,COOK WITH WINE METAL SIGN ,12,27-04-2010 16:19,1.95,12744,Singapore,23.4,41,23491
57,506142,21175,GIN + TONIC DIET METAL SIGN,12,27-04-2010 16:19,2.1,12744,Singapore,25.2,41,23491
58,506142,22356,"CHARLOTTE BAG , PINK/WHITE SPOTS",40,27-04-2010 16:19,0.85,12744,Singapore,34,41,23491
59,506142,20724,RED SPOTTY CHARLOTTE BAG,40,27-04-2010 16:19,0.85,12744,Singapore,34,41,23491
60,506142,22381,TOY TIDY PINK RETROSPOT  ,10,27-04-2010 16:19,2.1,12744,Singapore,21,41,23491
61,506142,22379,RECYCLING BAG RETROSPOT ,10,27-04-2010 16:19,2.1,12744,Singapore,21,41,23491
62,506142,85099B,RED RETROSPOT JUMBO BAG ,20,27-04-2010 16:19,1.95,12744,Singapore,39,41,23491
63,506142,22386,JUMBO BAG PINK WITH WHITE SPOTS,20,27-04-2010 16:19,1.95,12744,Singapore,39,41,23491
64,506142,47590B,PINK HAPPY BIRTHDAY BUNTING,12,27-04-2010 16:19,5.45,12744,Singapore,65.4,41,23491
65,506142,47590A,BLUE HAPPY BIRTHDAY BUNTING,6,27-04-2010 16:19,5.45,12744,Singapore,32.7,41,23491
66,506142,72741,GRAND CHOCOLATECANDLE,72,27-04-2010 16:19,1.25,12744,Singapore,90,41,23491
67,506142,21733,RED HANGING HEART T-LIGHT HOLDER,16,27-04-2010 16:19,2.95,12744,Singapore,47.2,41,23491
68,506142,85123A,WHITE HANGING HEART T-LIGHT HOLDER,32,27-04-2010 16:19,2.55,12744,Singapore,81.6,41,23491
69,506142,21181,PLEASE ONE PERSON METAL SIGN,12,27-04-2010 16:19,2.1,12744,Singapore,25.2,41,23491
70,506142,84762B,PINK PICNIC BARBECUE BUCKET,16,27-04-2010 16:19,5.95,12744,Singapore,95.2,41,23491
71,506142,20682,RED SPOTTY CHILDS UMBRELLA,12,27-04-2010 16:19,3.25,12744,Singapore,39,41,23491
72,506142,20681,PINK SPOTTY CHILDS UMBRELLA,12,27-04-2010 16:19,3.25,12744,Singapore,39,41,23491
73,513438,20803,SMALL PINK GLASS SUNDAE DISH,12,24-06-2010 14:13,1.65,12779,Poland,19.8,23,56463
74,513438,22178,VICTORIAN GLASS HANGING T-LIGHT,36,24-06-2010 14:13,1.25,12779,Poland,45,23,56463
75,513438,22195,LARGE HEART MEASURING SPOONS,12,24-06-2010 14:13,1.65,12779,Poland,19.8,23,56463
76,513438,37448,CERAMIC CAKE DESIGN SPOTTED MUG,12,24-06-2010 14:13,1.49,12779,Poland,17.88,23,56463
77,513438,37447,CERAMIC CAKE DESIGN SPOTTED PLATE,12,24-06-2010 14:13,1.49,12779,Poland,17.88,23,56463
78,513438,22057,CERAMIC PLATE STRAWBERRY DESIGN,24,24-06-2010 14:13,1.49,12779,Poland,35.76,23,56463
79,513438,22059,CERAMIC STRWBERRY DESIGN MUG,12,24-06-2010 14:13,1.49,12779,Poland,17.88,23,56463
80,513438,22061,LARGE CAKE STAND  HANGING STRAWBERY,2,24-06-2010 14:13,9.95,12779,Poland,19.9,23,56463
81,513438,22063,CERAMIC BOWL WITH STRAWBERRY DESIGN,18,24-06-2010 14:13,2.95,12779,Poland,53.1,23,56463
82,513438,21700,BIG DOUGHNUT FRIDGE MAGNETS,12,24-06-2010 14:13,0.85,12779,Poland,10.2,23,56463
83,513438,47556B,TEA TIME TEA TOWELS ,12,24-06-2010 14:13,2.95,12779,Poland,35.4,23,56463
84,513438,37446,MINI CAKE STAND WITH HANGING CAKES,8,24-06-2010 14:13,1.45,12779,Poland,11.6,23,56463
85,513438,37450,CERAMIC CAKE BOWL + HANGING CAKES,6,24-06-2010 14:13,2.95,12779,Poland,17.7,23,56463
86,513438,85062,PEARL CRYSTAL PUMPKIN T-LIGHT HLDR,24,24-06-2010 14:13,1.65,12779,Poland,39.6,23,56463
87,513438,79030A,"TUMBLER, ENGLISH ROSE",12,24-06-2010 14:13,1.65,12779,Poland,19.8,23,56463
88,513438,47568,ENGLISH ROSE DESIGN PEG BAG,6,24-06-2010 14:13,2.1,12779,Poland,12.6,23,56463
89,513438,47504K,ENGLISH ROSE GARDEN SECATEURS,12,24-06-2010 14:13,1.95,12779,Poland,23.4,23,56463
90,513438,48184,DOOR MAT ENGLISH ROSE ,2,24-06-2010 14:13,7.49,12779,Poland,14.98,23,56463
91,513438,84849B,FAIRY SOAP SOAP HOLDER,12,24-06-2010 14:13,1.69,12779,Poland,20.28,23,56463
92,513438,84913A,SOFT PINK ROSE TOWEL ,4,24-06-2010 14:13,4.65,12779,Poland,18.6,23,56463
93,513438,84913B,MINT GREEN ROSE TOWEL,4,24-06-2010 14:13,4.65,12779,Poland,18.6,23,56463
94,513438,22646,CERAMIC STRAWBERRY CAKE MONEY BANK,12,24-06-2010 14:13,1.45,12779,Poland,17.4,23,56463
95,513438,22624,IVORY KITCHEN SCALES,2,24-06-2010 14:13,8.5,12779,Poland,17,23,56463
96,513438,22171,3 HOOK PHOTO SHELF ANTIQUE WHITE,2,24-06-2010 14:13,8.5,12779,Poland,17,23,56463
97,513438,22409,MONEY BOX BISCUITS DESIGN,12,24-06-2010 14:13,1.25,12779,Poland,15,23,56463
98,514221,20866,BLUE ROSE FABRIC MIRROR,24,01-07-2010 09:56,1.25,12653,Israel,30,38,97237
99,514221,20867,PINK ROSE FABRIC MIRROR,24,01-07-2010 09:56,1.25,12653,Israel,30,38,97237
100,514221,85232D,SET/3 DECOUPAGE STACKING TINS,24,01-07-2010 09:56,4.25,12653,Israel,102,38,97237
101,514221,85232B,SET/3 RUSSIAN DOLL STACKING TINS,24,01-07-2010 09:56,4.25,12653,Israel,102,38,97237
102,514221,21212,PACK OF 72 RETRO SPOT CAKE CASES,24,01-07-2010 09:56,0.55,12653,Israel,13.2,38,97237
103,514221,21210,SET OF 72 RETRO SPOT PAPER  DOILIES,24,01-07-2010 09:56,1.45,12653,Israel,34.8,38,97237
104,514221,22483,RED GINGHAM TEDDY BEAR ,24,01-07-2010 09:56,2.55,12653,Israel,61.2,38,97237
105,514221,22507,MEMO BOARD RETROSPOT  DESIGN,16,01-07-2010 09:56,4.25,12653,Israel,68,38,97237
106,514221,22256,FELT FARM ANIMAL CHICKEN,12,01-07-2010 09:56,1.25,12653,Israel,15,38,97237
107,514221,21217,RED SPOTTY ROUND CAKE TINS,12,01-07-2010 09:56,8.95,12653,Israel,107.4,38,97237
108,514221,22445,PENCIL CASE LIFE IS BEAUTIFUL,6,01-07-2010 09:56,2.95,12653,Israel,17.7,38,97237
109,514221,21411,GINGHAM HEART  DOORSTOP RED,6,01-07-2010 09:56,4.25,12653,Israel,25.5,38,97237
110,514221,22508,DOORSTOP RETROSPOT HEART,6,01-07-2010 09:56,3.75,12653,Israel,22.5,38,97237
111,514221,22329,ROUND CONTAINER SET OF 5 RETROSPOT,12,01-07-2010 09:56,1.65,12653,Israel,19.8,38,97237
112,514221,20718,RED SPOTTY SHOPPER BAG,10,01-07-2010 09:56,1.25,12653,Israel,12.5,38,97237
113,514221,20983,12 PENCILS TALL TUBE RED SPOTTY,18,01-07-2010 09:56,0.85,12653,Israel,15.3,38,97237
114,514221,20750,RED/WHITE DOT MINI CASES,12,01-07-2010 09:56,6.35,12653,Israel,76.2,38,97237
115,514221,20724,RED SPOTTY CHARLOTTE BAG,10,01-07-2010 09:56,0.85,12653,Israel,8.5,38,97237
116,514221,21936,RED RETROSPOT PICNIC BAG,6,01-07-2010 09:56,2.95,12653,Israel,17.7,38,97237
117,514221,20981,12 PENCILS TALL TUBE WOODLAND,12,01-07-2010 09:56,0.85,12653,Israel,10.2,38,97237
118,514221,21578,WOODLAND DESIGN  COTTON TOTE BAG,8,01-07-2010 09:56,2.25,12653,Israel,18,38,97237
119,514221,22326,ROUND SNACK BOXES SET OF4 WOODLAND,12,01-07-2010 09:56,2.95,12653,Israel,35.4,38,97237
120,514221,21363,HOME SMALL WOOD LETTERS,12,01-07-2010 09:56,4.95,12653,Israel,59.4,38,97237
121,514221,21361,LOVE LARGE WOOD LETTERS ,18,01-07-2010 09:56,10.95,12653,Israel,197.1,38,97237
122,514221,22216,T-LIGHT HOLDER WHITE LACE,36,01-07-2010 09:56,0.85,12653,Israel,30.6,38,97237
123,514221,22356,CHARLOTTE BAG PINK WITH WHITE SPOTS,10,01-07-2010 09:56,0.85,12653,Israel,8.5,38,97237
124,514221,22399,MAGNETS PACK OF 4 CHILDHOOD MEMORY,36,01-07-2010 09:56,1.25,12653,Israel,45,38,97237
125,514221,84584,PINK GINGHAM CAT WITH SCARF,6,01-07-2010 09:56,2.55,12653,Israel,15.3,38,97237
126,514221,22219,LOVEBIRD HANGING DECORATION WHITE ,36,01-07-2010 09:56,0.85,12653,Israel,30.6,38,97237
127,514221,20665,RED SPOTTY PURSE ,8,01-07-2010 09:56,2.95,12653,Israel,23.6,38,97237
128,514221,21244,BLUE  SPOTTY PLATE ,18,01-07-2010 09:56,1.69,12653,Israel,30.42,38,97237
129,514221,21242,RED SPOTTY PLATE ,24,01-07-2010 09:56,1.69,12653,Israel,40.56,38,97237
130,514221,21241,GREEN SPOTTY CUP,24,01-07-2010 09:56,0.85,12653,Israel,20.4,38,97237
131,514221,21240,BLUE  SPOTTY CUP,24,01-07-2010 09:56,0.85,12653,Israel,20.4,38,97237
132,514221,21239,PINK  SPOTTY CUP,24,01-07-2010 09:56,0.85,12653,Israel,20.4,38,97237
133,514221,21238,RED SPOTTY CUP,32,01-07-2010 09:56,0.85,12653,Israel,27.2,38,97237
134,514221,22423,REGENCY CAKESTAND 3 TIER,16,01-07-2010 09:56,10.95,12653,Israel,175.2,38,97237
135,514221,20749,ASSORTED COLOUR MINI CASES,12,01-07-2010 09:56,6.35,12653,Israel,76.2,38,97237
136,514221,84406B,CREAM CUPID HEARTS COAT HANGER,12,01-07-2010 09:56,3.25,12653,Israel,39,38,97237
137,514221,22212,FOUR HOOK  WHITE LOVEBIRDS,12,01-07-2010 09:56,2.1,12653,Israel,25.2,38,97237
138,514221,21272,SALLE DE BAIN HOOK,36,01-07-2010 09:56,1.25,12653,Israel,45,38,97237
139,514221,22427,ENAMEL FLOWER JUG CREAM,24,01-07-2010 09:56,5.45,12653,Israel,130.8,38,97237
140,514221,22426,ENAMEL WASH BOWL CREAM,16,01-07-2010 09:56,2.95,12653,Israel,47.2,38,97237
141,514319,22180,RETRO SPOT LAMP,1,01-07-2010 13:46,9.95,12576,Poland,9.95,24,29134
142,514319,22077,6 RIBBONS RUSTIC CHARM,12,01-07-2010 13:46,1.65,12576,Poland,19.8,24,29134
143,514319,21622,VINTAGE UNION JACK CUSHION COVER,4,01-07-2010 13:46,4.95,12576,Poland,19.8,24,29134
144,514319,21626,VINTAGE UNION JACK PENNANT,12,01-07-2010 13:46,1.95,12576,Poland,23.4,24,29134
145,514319,47568,ENGLISH ROSE DESIGN PEG BAG,6,01-07-2010 13:46,2.1,12576,Poland,12.6,24,29134
146,514319,85055,FRENCH ENAMEL UTENSIL HOLDER,4,01-07-2010 13:46,3.75,12576,Poland,15,24,29134
147,514319,21114,LAVENDER SCENTED FABRIC HEART,10,01-07-2010 13:46,1.25,12576,Poland,12.5,24,29134
148,514319,22188,BLACK HEART CARD HOLDER,4,01-07-2010 13:46,3.95,12576,Poland,15.8,24,29134
149,514319,22611,VINTAGE UNION JACK SHOPPING BAG,3,01-07-2010 13:46,4.95,12576,Poland,14.85,24,29134
150,514319,84279P,CHERRY BLOSSOM  DECORATIVE FLASK,4,01-07-2010 13:46,3.75,12576,Poland,15,24,29134
151,514319,20754,RETRO RED SPOTTY WASHING UP GLOVES,6,01-07-2010 13:46,2.1,12576,Poland,12.6,24,29134
152,514319,21216,"SET 3 RED SPOT TIN TEA,COFFEE,SUGAR",4,01-07-2010 13:46,4.95,12576,Poland,19.8,24,29134
153,514319,21577,SAVE THE PLANET COTTON TOTE BAG,6,01-07-2010 13:46,2.25,12576,Poland,13.5,24,29134
154,514319,20718,RED SPOTTY SHOPPER BAG,10,01-07-2010 13:46,1.25,12576,Poland,12.5,24,29134
155,514319,21380,WOODEN HAPPY BIRTHDAY GARLAND,6,01-07-2010 13:46,2.95,12576,Poland,17.7,24,29134
156,514319,82578,KITCHEN METAL SIGN,12,01-07-2010 13:46,0.55,12576,Poland,6.6,24,29134
157,514319,21911,GARDEN METAL SIGN ,12,01-07-2010 13:46,1.65,12576,Poland,19.8,24,29134
158,514319,35241,ENAMEL BLUE RIM BISCUIT BIN,3,01-07-2010 13:46,4.95,12576,Poland,14.85,24,29134
159,514319,84691,PACK 20 DOLLY PEGS,12,01-07-2010 13:46,0.85,12576,Poland,10.2,24,29134
160,514319,16016,LARGE CHINESE STYLE SCISSOR,10,01-07-2010 13:46,0.85,12576,Poland,8.5,24,29134
161,514319,POST,POSTAGE,2,01-07-2010 13:46,40,12576,Poland,80,24,29134
162,520536,21424,WOODLAND STORAGE BOX LARGE ,24,26-08-2010 15:44,1.25,12779,Poland,30,23,56463
163,520536,21426,WOODLAND STORAGE BOX SMALL,24,26-08-2010 15:44,0.85,12779,Poland,20.4,23,56463
164,520536,35809A,ENAMEL PINK TEA CONTAINER,24,26-08-2010 15:44,0.85,12779,Poland,20.4,23,56463
165,520536,35810A,ENAMEL PINK COFFEE CONTAINER,24,26-08-2010 15:44,0.85,12779,Poland,20.4,23,56463
166,520536,85027L,FRENCH CHATEAU LARGE PLATTER ,24,26-08-2010 15:44,1.95,12779,Poland,46.8,23,56463
167,520536,85028L,FRENCH CHATEAU LARGE FRUIT BOWL ,24,26-08-2010 15:44,1.95,12779,Poland,46.8,23,56463
168,520536,85028S,FRENCH CHATEAU SMALL FRUITBOWL,36,26-08-2010 15:44,1.25,12779,Poland,45,23,56463
169,520536,85030,FRENCH CHATEAU OVAL PLATTER,24,26-08-2010 15:44,1.95,12779,Poland,46.8,23,56463
170,520536,21318,GLASS CHALICE BLUE SMALL ,6,26-08-2010 15:44,1.65,12779,Poland,9.9,23,56463
171,520536,22666,RECIPE BOX PANTRY YELLOW DESIGN,12,26-08-2010 15:44,2.95,12779,Poland,35.4,23,56463
172,520536,84849A,HELLO SAILOR BLUE SOAP HOLDER,12,26-08-2010 15:44,1.69,12779,Poland,20.28,23,56463
173,520536,22173,METAL 4 HOOK HANGER FRENCH CHATEAU,8,26-08-2010 15:44,2.95,12779,Poland,23.6,23,56463
174,520536,22690,DOORMAT HOME SWEET HOME BLUE ,2,26-08-2010 15:44,7.49,12779,Poland,14.98,23,56463
175,520536,21272,SALLE DE BAIN HOOK,12,26-08-2010 15:44,1.25,12779,Poland,15,23,56463
176,520536,22169,FAMILY ALBUM WHITE PICTURE FRAME,2,26-08-2010 15:44,8.5,12779,Poland,17,23,56463
177,520536,22195,LARGE HEART MEASURING SPOONS,12,26-08-2010 15:44,1.65,12779,Poland,19.8,23,56463
178,520536,22624,IVORY KITCHEN SCALES,2,26-08-2010 15:44,8.5,12779,Poland,17,23,56463
179,520536,21232,STRAWBERRY CERAMIC TRINKET BOX,12,26-08-2010 15:44,1.25,12779,Poland,15,23,56463
180,520536,20803,SMALL PINK GLASS SUNDAE DISH,6,26-08-2010 15:44,1.65,12779,Poland,9.9,23,56463
181,520536,22646,CERAMIC STRAWBERRY CAKE MONEY BANK,12,26-08-2010 15:44,1.45,12779,Poland,17.4,23,56463
182,520536,37450,CERAMIC CAKE BOWL + HANGING CAKES,6,26-08-2010 15:44,2.95,12779,Poland,17.7,23,56463
183,520536,37447,CERAMIC CAKE DESIGN SPOTTED PLATE,12,26-08-2010 15:44,1.49,12779,Poland,17.88,23,56463
184,521402,22507,MEMO BOARD RETROSPOT  DESIGN,4,06-09-2010 10:15,4.95,12744,Singapore,19.8,41,23491
185,521402,21667,GLASS CAKE COVER AND PLATE,2,06-09-2010 10:15,16.95,12744,Singapore,33.9,41,23491
186,521402,21790,VINTAGE SNAP CARDS,12,06-09-2010 10:15,0.85,12744,Singapore,10.2,41,23491
187,521402,21878,PACK OF 6 SANDCASTLE FLAGS ASSORTED,12,06-09-2010 10:15,0.85,12744,Singapore,10.2,41,23491
188,521402,21917,SET 12 KIDS  WHITE CHALK STICKS,24,06-09-2010 10:15,0.42,12744,Singapore,10.08,41,23491
189,521402,22505,MEMO BOARD COTTAGE DESIGN,4,06-09-2010 10:15,4.95,12744,Singapore,19.8,41,23491
190,521402,22619,SET OF 6 SOLDIER SKITTLES,4,06-09-2010 10:15,3.75,12744,Singapore,15,41,23491
191,521402,22714,CARD BIRTHDAY COWBOY,12,06-09-2010 10:15,0.42,12744,Singapore,5.04,41,23491
192,521402,21471,STRAWBERRY RAFFIA FOOD COVER,6,06-09-2010 10:15,3.75,12744,Singapore,22.5,41,23491
193,521402,22184,CAKE STAND VICTORIAN FILIGREE LARGE,2,06-09-2010 10:15,8.5,12744,Singapore,17,41,23491
194,521402,22698,PINK REGENCY TEACUP AND SAUCER,6,06-09-2010 10:15,2.95,12744,Singapore,17.7,41,23491
195,521402,22697,GREEN REGENCY TEACUP AND SAUCER,6,06-09-2010 10:15,2.95,12744,Singapore,17.7,41,23491
196,521402,22699,ROSES REGENCY TEACUP AND SAUCER ,6,06-09-2010 10:15,2.95,12744,Singapore,17.7,41,23491
197,521402,22149,FELTCRAFT 6 FLOWER FRIENDS,6,06-09-2010 10:15,2.1,12744,Singapore,12.6,41,23491
198,521402,22029,SPACEBOY BIRTHDAY CARD,12,06-09-2010 10:15,0.42,12744,Singapore,5.04,41,23491
199,521402,21519,GIN & TONIC DIET GREETING CARD ,12,06-09-2010 10:15,0.42,12744,Singapore,5.04,41,23491
200,521403,22222,CAKE PLATE LOVEBIRD WHITE,9,06-09-2010 10:19,4.95,12744,Singapore,44.55,41,23491
201,521403,22423,REGENCY CAKESTAND 3 TIER,64,06-09-2010 10:19,10.95,12744,Singapore,700.8,41,23491
202,521403,21936,RED RETROSPOT PICNIC BAG,15,06-09-2010 10:19,2.95,12744,Singapore,44.25,41,23491
203,521403,22494,EMERGENCY FIRST AID TIN ,12,06-09-2010 10:19,1.25,12744,Singapore,15,41,23491
204,521403,22294,HEART FILIGREE DOVE  SMALL,24,06-09-2010 10:19,1.25,12744,Singapore,30,41,23491
205,521403,85130A,BEADED PEARL HEART WHITE LARGE,24,06-09-2010 10:19,1.65,12744,Singapore,39.6,41,23491
206,521403,21179,NO JUNK MAIL METAL SIGN,12,06-09-2010 10:19,1.25,12744,Singapore,15,41,23491
207,521403,82600,NO SINGING METAL SIGN,12,06-09-2010 10:19,2.1,12744,Singapore,25.2,41,23491
208,521403,85031C,CURIOUS IMAGES SCRAP BOOK SET,24,06-09-2010 10:19,1.25,12744,Singapore,30,41,23491
209,521403,21421,PORCELAIN ROSE LARGE ,24,06-09-2010 10:19,1.25,12744,Singapore,30,41,23491
210,521403,21422,PORCELAIN ROSE SMALL,32,06-09-2010 10:19,0.85,12744,Singapore,27.2,41,23491
211,521403,21586,KINGS CHOICE GIANT TUBE MATCHES,12,06-09-2010 10:19,2.55,12744,Singapore,30.6,41,23491
212,521403,21592,RETRO SPOT  CIGAR BOX MATCHES ,24,06-09-2010 10:19,1.25,12744,Singapore,30,41,23491
213,521403,22551,PLASTERS IN TIN SPACEBOY,12,06-09-2010 10:19,1.65,12744,Singapore,19.8,41,23491
214,521403,22557,PLASTERS IN TIN VINTAGE PAISLEY ,12,06-09-2010 10:19,1.65,12744,Singapore,19.8,41,23491
215,521403,22555,PLASTERS IN TIN STRONGMAN,12,06-09-2010 10:19,1.65,12744,Singapore,19.8,41,23491
216,521403,22556,PLASTERS IN TIN CIRCUS PARADE ,12,06-09-2010 10:19,1.65,12744,Singapore,19.8,41,23491
217,521403,22381,TOY TIDY PINK RETROSPOT  ,15,06-09-2010 10:19,2.1,12744,Singapore,31.5,41,23491
218,521403,22379,RECYCLING BAG RETROSPOT ,15,06-09-2010 10:19,2.1,12744,Singapore,31.5,41,23491
219,521403,21210,SET OF 72 RETRO SPOT PAPER  DOILIES,24,06-09-2010 10:19,1.45,12744,Singapore,34.8,41,23491
220,521403,22548,HEADS AND TAILS SPORTING FUN,12,06-09-2010 10:19,1.25,12744,Singapore,15,41,23491
221,521403,22114,HOT WATER BOTTLE TEA AND SYMPATHY,4,06-09-2010 10:19,3.95,12744,Singapore,15.8,41,23491
222,521403,21733,RED HANGING HEART T-LIGHT HOLDER,12,06-09-2010 10:19,2.95,12744,Singapore,35.4,41,23491
223,521403,22589,CARDHOLDER GINGHAM STAR,6,06-09-2010 10:19,2.55,12744,Singapore,15.3,41,23491
224,521403,22592,CARDHOLDER HOLLY WREATH METAL,4,06-09-2010 10:19,3.75,12744,Singapore,15,41,23491
225,521403,22596,CHRISTMAS STAR WISH LIST CHALKBOARD,36,06-09-2010 10:19,0.85,12744,Singapore,30.6,41,23491
226,521403,22143,CHRISTMAS CRAFT HEART DECORATIONS,18,06-09-2010 10:19,2.1,12744,Singapore,37.8,41,23491
227,521403,22145,CHRISTMAS CRAFT HEART STOCKING ,18,06-09-2010 10:19,2.1,12744,Singapore,37.8,41,23491
228,521403,21812,GARLAND WITH HEARTS AND BELLS,6,06-09-2010 10:19,4.95,12744,Singapore,29.7,41,23491
229,521403,21010,ETCHED GLASS BIRD TREE DECORATION,24,06-09-2010 10:19,1.25,12744,Singapore,30,41,23491
230,521403,22218,CAKE STAND LACE WHITE,9,06-09-2010 10:19,4.25,12744,Singapore,38.25,41,23491
231,521403,22385,JUMBO BAG SPACEBOY DESIGN,20,06-09-2010 10:19,1.95,12744,Singapore,39,41,23491
232,521403,85099F,JUMBO BAG STRAWBERRY,20,06-09-2010 10:19,1.95,12744,Singapore,39,41,23491
233,521403,21929,JUMBO BAG PINK VINTAGE PAISLEY,20,06-09-2010 10:19,1.95,12744,Singapore,39,41,23491
234,521403,35969,FOLKART CROWN TABLE DECORATIONS,48,06-09-2010 10:19,0.38,12744,Singapore,18.24,41,23491
235,521403,21357,TOAST ITS - DINOSAUR,12,06-09-2010 10:19,1.25,12744,Singapore,15,41,23491
236,521403,84782C,GREEN 3 TIER GLASS PLATE STAND,7,06-09-2010 10:19,3.95,12744,Singapore,27.65,41,23491
237,521403,22651,GENTLEMAN SHIRT REPAIR KIT ,36,06-09-2010 10:19,0.85,12744,Singapore,30.6,41,23491
238,521403,22654,DELUXE SEWING KIT ,4,06-09-2010 10:19,5.95,12744,Singapore,23.8,41,23491
239,521403,22694,WICKER STAR ,6,06-09-2010 10:19,2.1,12744,Singapore,12.6,41,23491
240,521403,22669,RED BABY BUNTING ,5,06-09-2010 10:19,2.95,12744,Singapore,14.75,41,23491
241,521403,22668,PINK BABY BUNTING,5,06-09-2010 10:19,2.95,12744,Singapore,14.75,41,23491
242,521403,84946,ANTIQUE SILVER TEA GLASS ETCHED,12,06-09-2010 10:19,1.25,12744,Singapore,15,41,23491
243,521403,20685,DOORMAT RED SPOT,2,06-09-2010 10:19,7.49,12744,Singapore,14.98,41,23491
244,521403,22380,TOY TIDY SPACEBOY  ,20,06-09-2010 10:19,2.1,12744,Singapore,42,41,23491
245,521403,85123A,WHITE HANGING HEART T-LIGHT HOLDER,64,06-09-2010 10:19,2.55,12744,Singapore,163.2,41,23491
246,521403,20684,STRAWBERRY DREAM CHILDS UMBRELLA,12,06-09-2010 10:19,3.25,12744,Singapore,39,41,23491
247,521403,21790,VINTAGE SNAP CARDS,36,06-09-2010 10:19,0.85,12744,Singapore,30.6,41,23491
248,521403,21791,VINTAGE HEADS AND TAILS CARD GAME ,12,06-09-2010 10:19,1.25,12744,Singapore,15,41,23491
249,521403,21755,LOVE BUILDING BLOCK WORD,6,06-09-2010 10:19,5.95,12744,Singapore,35.7,41,23491
250,521403,21143,ANTIQUE GLASS HEART DECORATION ,24,06-09-2010 10:19,1.95,12744,Singapore,46.8,41,23491
251,521403,35961,FOLKART ZINC HEART CHRISTMAS DEC,24,06-09-2010 10:19,0.85,12744,Singapore,20.4,41,23491
252,521403,22336,DOVE DECORATION PAINTED ZINC ,24,06-09-2010 10:19,0.65,12744,Singapore,15.6,41,23491
253,521403,22338,STAR DECORATION PAINTED ZINC ,24,06-09-2010 10:19,0.65,12744,Singapore,15.6,41,23491
254,521403,22335,HEART DECORATION PAINTED ZINC ,24,06-09-2010 10:19,0.65,12744,Singapore,15.6,41,23491
255,521403,21350,GINGHAM HEART WREATH,6,06-09-2010 10:19,2.95,12744,Singapore,17.7,41,23491
256,521403,21349,IVY HEART WREATH,2,06-09-2010 10:19,6.75,12744,Singapore,13.5,41,23491
257,521403,22215,CAKE STAND WHITE TWO TIER LACE,8,06-09-2010 10:19,8.5,12744,Singapore,68,41,23491
258,521404,21651,HANGING GLASS ETCHED TEALIGHT,12,06-09-2010 10:24,1.65,12744,Singapore,19.8,41,23491
259,521404,22198,LARGE POPCORN HOLDER ,12,06-09-2010 10:24,1.65,12744,Singapore,19.8,41,23491
260,521404,22197,SMALL POPCORN HOLDER,12,06-09-2010 10:24,0.85,12744,Singapore,10.2,41,23491
261,521404,22666,RECIPE BOX PANTRY YELLOW DESIGN,6,06-09-2010 10:24,2.95,12744,Singapore,17.7,41,23491
262,521404,22457,NATURAL SLATE HEART CHALKBOARD ,6,06-09-2010 10:24,2.95,12744,Singapore,17.7,41,23491
263,521404,84832,ZINC WILLIE WINKIE  CANDLE STICK,12,06-09-2010 10:24,0.85,12744,Singapore,10.2,41,23491
264,521404,22642,SET OF 4 NAPKIN CHARMS STARS,32,06-09-2010 10:24,2.1,12744,Singapore,67.2,41,23491
265,521480,85030,FRENCH CHATEAU OVAL PLATTER,24,06-09-2010 13:14,1.95,12779,Poland,46.8,23,56463
266,521480,85028L,FRENCH CHATEAU LARGE FRUIT BOWL ,24,06-09-2010 13:14,1.25,12779,Poland,30,23,56463
267,521480,85028S,FRENCH CHATEAU SMALL FRUITBOWL,36,06-09-2010 13:14,1.25,12779,Poland,45,23,56463
268,521480,85027L,FRENCH CHATEAU LARGE PLATTER ,24,06-09-2010 13:14,1.95,12779,Poland,46.8,23,56463
269,521651,22686,"FRENCH BLUE METAL DOOR SIGN, No",12,07-09-2010 13:41,1.25,12576,Poland,15,24,29134
270,521651,22678,"FRENCH BLUE METAL DOOR SIGN, 3",10,07-09-2010 13:42,1.25,12576,Poland,12.5,24,29134
271,521651,22679,"FRENCH BLUE METAL DOOR SIGN, 4",10,07-09-2010 13:42,1.25,12576,Poland,12.5,24,29134
272,521651,22680,"FRENCH BLUE METAL DOOR SIGN, 5",10,07-09-2010 13:42,1.25,12576,Poland,12.5,24,29134
273,521651,20658,RED SPOTTY LUGGAGE TAG,12,07-09-2010 13:42,1.25,12576,Poland,15,24,29134
274,521651,15056BL,EDWARDIAN PARASOL BLACK,3,07-09-2010 13:42,5.95,12576,Poland,17.85,24,29134
275,521651,84879,ASSORTED COLOUR BIRD ORNAMENT,8,07-09-2010 13:42,1.69,12576,Poland,13.52,24,29134
276,521651,21195,PINK  HONEYCOMB PAPER BALL ,6,07-09-2010 13:42,2.1,12576,Poland,12.6,24,29134
277,521651,16016,LARGE CHINESE STYLE SCISSOR,10,07-09-2010 13:42,0.85,12576,Poland,8.5,24,29134
278,521651,16014,SMALL CHINESE STYLE SCISSOR,20,07-09-2010 13:42,0.42,12576,Poland,8.4,24,29134
279,521651,21622,VINTAGE UNION JACK CUSHION COVER,4,07-09-2010 13:42,4.95,12576,Poland,19.8,24,29134
280,521651,22667,RECIPE BOX RETRO SPOT DESIGN,6,07-09-2010 13:42,2.95,12576,Poland,17.7,24,29134
281,521651,21892,TRADITIONAL WOODEN CATCH CUP GAME ,12,07-09-2010 13:42,1.25,12576,Poland,15,24,29134
282,523305,17084P,DRAGONS BLOOD INCENSE,25,21-09-2010 12:49,0.21,12751,Brazil,5.25,37,97197
283,523305,22659,LUNCH BOX I LOVE LONDON,1,21-09-2010 12:49,1.95,12751,Brazil,1.95,37,97197
284,523305,84406B,CREAM CUPID HEARTS COAT HANGER,1,21-09-2010 12:49,3.25,12751,Brazil,3.25,37,97197
285,523305,17091A,LAVENDER INCENSE IN TIN,1,21-09-2010 12:49,1.25,12751,Brazil,1.25,37,97197
286,523305,21124,SET/10 BLUE SPOTTY PARTY CANDLES,1,21-09-2010 12:49,1.25,12751,Brazil,1.25,37,97197
287,523305,21123,SET/10 IVORY SPOTTY PARTY CANDLES,1,21-09-2010 12:49,1.25,12751,Brazil,1.25,37,97197
288,523305,21121,SET/10 RED SPOTTY PARTY CANDLES,1,21-09-2010 12:49,1.25,12751,Brazil,1.25,37,97197
289,523305,22028,PENNY FARTHING BIRTHDAY CARD,12,21-09-2010 12:49,0.42,12751,Brazil,5.04,37,97197
290,523305,22630,DOLLY GIRL LUNCH BOX,1,21-09-2010 12:49,1.95,12751,Brazil,1.95,37,97197
291,523305,85123A,WHITE HANGING HEART T-LIGHT HOLDER,3,21-09-2010 12:49,2.95,12751,Brazil,8.85,37,97197
292,523305,22372,AIRLINE BAG VINTAGE WORLD CHAMPION ,4,21-09-2010 12:49,4.25,12751,Brazil,17,37,97197
293,523305,22951,60 CAKE CASES DOLLY GIRL DESIGN,1,21-09-2010 12:49,0.55,12751,Brazil,0.55,37,97197
294,523305,21212,PACK OF 72 RETRO SPOT CAKE CASES,2,21-09-2010 12:49,0.55,12751,Brazil,1.1,37,97197
295,523305,82001S,VINYL RECORD FRAME SILVER,1,21-09-2010 12:49,3.75,12751,Brazil,3.75,37,97197
296,523305,21324,HANGING MEDINA LANTERN SMALL,3,21-09-2010 12:49,2.95,12751,Brazil,8.85,37,97197
297,523305,85023B,EAU DE NILE JEWELLED PHOTOFRAME,2,21-09-2010 12:49,2.55,12751,Brazil,5.1,37,97197
298,523305,85024B,EAU DE NILE JEWELLED PHOTOFRAME,2,21-09-2010 12:49,1.65,12751,Brazil,3.3,37,97197
299,523305,85062,PEARL CRYSTAL PUMPKIN T-LIGHT HLDR,6,21-09-2010 12:49,1.65,12751,Brazil,9.9,37,97197
300,523305,84970S,HANGING HEART ZINC T-LIGHT HOLDER,12,21-09-2010 12:49,0.85,12751,Brazil,10.2,37,97197
301,523305,22178,VICTORIAN GLASS HANGING T-LIGHT,6,21-09-2010 12:49,1.25,12751,Brazil,7.5,37,97197
302,523305,21900,"KEY FOB , SHED",1,21-09-2010 12:49,0.65,12751,Brazil,0.65,37,97197
303,523305,21901,"KEY FOB , BACK DOOR ",1,21-09-2010 12:49,0.65,12751,Brazil,0.65,37,97197
304,523305,84832,ZINC WILLIE WINKIE  CANDLE STICK,3,21-09-2010 12:49,0.85,12751,Brazil,2.55,37,97197
305,523305,21166,COOK WITH WINE METAL SIGN ,2,21-09-2010 12:49,1.95,12751,Brazil,3.9,37,97197
306,523305,22412,METAL SIGN NEIGHBOURHOOD WITCH ,1,21-09-2010 12:49,2.1,12751,Brazil,2.1,37,97197
307,523305,22115,METAL SIGN EMPIRE TEA,3,21-09-2010 12:49,2.95,12751,Brazil,8.85,37,97197
308,523305,21679,SKULLS  STICKERS,1,21-09-2010 12:49,0.85,12751,Brazil,0.85,37,97197
309,523305,84991,60 TEATIME FAIRY CAKE CASES,2,21-09-2010 12:49,0.55,12751,Brazil,1.1,37,97197
310,523305,22336,DOVE DECORATION PAINTED ZINC ,4,21-09-2010 12:49,0.65,12751,Brazil,2.6,37,97197
311,523305,85124B,BLUE JUICY FRUIT PHOTO FRAME,2,21-09-2010 12:49,2.55,12751,Brazil,5.1,37,97197
312,523305,85124C,GREEN JUICY FRUIT PHOTO FRAME,2,21-09-2010 12:49,2.55,12751,Brazil,5.1,37,97197
313,523305,84849A,HELLO SAILOR BLUE SOAP HOLDER,1,21-09-2010 12:49,1.69,12751,Brazil,1.69,37,97197
314,523305,21864,UNION JACK FLAG PASSPORT COVER ,1,21-09-2010 12:49,2.1,12751,Brazil,2.1,37,97197
315,523305,20839,FRENCH PAISLEY CUSHION COVER ,6,21-09-2010 12:49,2.95,12751,Brazil,17.7,37,97197
316,523305,84620,BLUE GINGHAM ROSE CUSHION COVER,2,21-09-2010 12:49,5.95,12751,Brazil,11.9,37,97197
317,523305,84658,WHITE STITCHED CUSHION COVER,1,21-09-2010 12:49,6.95,12751,Brazil,6.95,37,97197
318,523305,21774,DECORATIVE CATS BATHROOM BOTTLE,1,21-09-2010 12:49,1.25,12751,Brazil,1.25,37,97197
319,523305,82482,WOODEN PICTURE FRAME WHITE FINISH,3,21-09-2010 12:49,2.55,12751,Brazil,7.65,37,97197
320,523305,17107D,"FLOWER FAIRY,5 SUMMER B'DRAW LINERS",1,21-09-2010 12:49,2.55,12751,Brazil,2.55,37,97197
321,523305,22082,RIBBON REEL STRIPES DESIGN ,1,21-09-2010 12:49,1.65,12751,Brazil,1.65,37,97197
322,523305,21866,UNION JACK FLAG LUGGAGE TAG,1,21-09-2010 12:49,1.25,12751,Brazil,1.25,37,97197
323,523305,22077,6 RIBBONS RUSTIC CHARM,4,21-09-2010 12:49,1.65,12751,Brazil,6.6,37,97197
324,523305,62018,SOMBRERO ,1,21-09-2010 12:49,1.95,12751,Brazil,1.95,37,97197
325,523305,20669,RED HEART LUGGAGE TAG,2,21-09-2010 12:49,1.25,12751,Brazil,2.5,37,97197
326,523305,35819B,"ACRYLIC HANGING JEWEL,BLUE",3,21-09-2010 12:49,1.25,12751,Brazil,3.75,37,97197
327,523305,22336,DOVE DECORATION PAINTED ZINC ,3,21-09-2010 12:49,0.65,12751,Brazil,1.95,37,97197
328,523305,22156,HEART DECORATION WITH PEARLS ,3,21-09-2010 12:49,0.85,12751,Brazil,2.55,37,97197
329,523305,21811,CHRISTMAS HANGING HEART WITH BELL,4,21-09-2010 12:49,1.25,12751,Brazil,5,37,97197
330,523305,84879,ASSORTED COLOUR BIRD ORNAMENT,6,21-09-2010 12:49,1.69,12751,Brazil,10.14,37,97197
331,523305,21812,GARLAND WITH HEARTS AND BELLS,2,21-09-2010 12:49,4.95,12751,Brazil,9.9,37,97197
332,523305,22335,HEART DECORATION PAINTED ZINC ,7,21-09-2010 12:49,0.65,12751,Brazil,4.55,37,97197
333,523305,22219,LOVEBIRD HANGING DECORATION WHITE ,3,21-09-2010 12:49,0.85,12751,Brazil,2.55,37,97197
334,523305,85017B,ENVELOPE 50 BLOSSOM IMAGES,3,21-09-2010 12:49,0.85,12751,Brazil,2.55,37,97197
335,523305,21190,PINK HEARTS PAPER GARLAND,1,21-09-2010 12:49,1.65,12751,Brazil,1.65,37,97197
336,523305,22088,PAPER BUNTING COLOURED LACE,1,21-09-2010 12:49,2.95,12751,Brazil,2.95,37,97197
337,523305,84987,SET OF 36 TEATIME PAPER DOILIES,1,21-09-2010 12:49,1.45,12751,Brazil,1.45,37,97197
338,523305,21210,SET OF 72 RETRO SPOT PAPER  DOILIES,1,21-09-2010 12:49,1.45,12751,Brazil,1.45,37,97197
339,523305,22337,ANGEL DECORATION PAINTED ZINC ,5,21-09-2010 12:49,0.65,12751,Brazil,3.25,37,97197
340,523305,22338,STAR DECORATION PAINTED ZINC ,4,21-09-2010 12:49,0.65,12751,Brazil,2.6,37,97197
341,523305,22339,CHRISTMAS TREE PAINTED ZINC ,5,21-09-2010 12:49,0.65,12751,Brazil,3.25,37,97197
342,523305,22164,STRING OF STARS CARD HOLDER,2,21-09-2010 12:49,2.95,12751,Brazil,5.9,37,97197
343,523305,22604,SET OF 4 NAPKIN CHARMS CUTLERY,2,21-09-2010 12:49,2.55,12751,Brazil,5.1,37,97197
344,529161,22449,SILK PURSE BABUSHKA PINK,6,26-10-2010 17:23,3.35,15390,Canada,20.1,67,71979
345,529161,21506,"FANCY FONT BIRTHDAY CARD, ",12,26-10-2010 17:23,0.42,15390,Canada,5.04,67,71979
346,529161,20978,36 PENCILS TUBE SKULLS,16,26-10-2010 17:23,1.25,15390,Canada,20,67,71979
347,529161,21558,SKULL LUNCH BOX WITH CUTLERY ,6,26-10-2010 17:23,2.55,15390,Canada,15.3,67,71979
348,529161,21967,PACK OF 12 SKULL TISSUES,24,26-10-2010 17:23,0.29,15390,Canada,6.96,67,71979
349,529161,22553,PLASTERS IN TIN SKULLS,12,26-10-2010 17:23,1.65,15390,Canada,19.8,67,71979
350,529161,20979,36 PENCILS TUBE RED RETROSPOT,16,26-10-2010 17:23,1.25,15390,Canada,20,67,71979
351,529161,21212,PACK OF 72 RETROSPOT CAKE CASES,24,26-10-2010 17:23,0.55,15390,Canada,13.2,67,71979
352,529161,21156,RETROSPOT CHILDRENS APRON,16,26-10-2010 17:23,1.95,15390,Canada,31.2,67,71979
353,529161,21584,RETROSPOT SMALL TUBE MATCHES,20,26-10-2010 17:23,1.65,15390,Canada,33,67,71979
354,529161,22083,PAPER CHAIN KIT RETROSPOT,6,26-10-2010 17:23,2.95,15390,Canada,17.7,67,71979
355,529161,21980,PACK OF 12 RED RETROSPOT TISSUES,24,26-10-2010 17:23,0.29,15390,Canada,6.96,67,71979
356,529161,22632,HAND WARMER RED RETROSPOT,12,26-10-2010 17:23,2.1,15390,Canada,25.2,67,71979
357,529161,21232,STRAWBERRY CERAMIC TRINKET BOX,12,26-10-2010 17:23,1.25,15390,Canada,15,67,71979
358,529161,21555,CERAMIC STRAWBERRY TRINKET TRAY,6,26-10-2010 17:23,2.55,15390,Canada,15.3,67,71979
359,529161,22645,CERAMIC HEART FAIRY CAKE MONEY BANK,12,26-10-2010 17:23,1.45,15390,Canada,17.4,67,71979
360,529161,35924,HANGING FAIRY CAKE DECORATION,6,26-10-2010 17:23,2.1,15390,Canada,12.6,67,71979
361,529161,47591D,PINK FAIRY CAKE CHILDRENS APRON,8,26-10-2010 17:23,1.95,15390,Canada,15.6,67,71979
362,529161,21114,LAVENDER SCENTED FABRIC HEART,20,26-10-2010 17:23,1.25,15390,Canada,25,67,71979
363,529161,22367,CHILDRENS APRON SPACEBOY DESIGN,8,26-10-2010 17:23,1.95,15390,Canada,15.6,67,71979
364,529161,22417,PACK OF 60 SPACEBOY CAKE CASES,24,26-10-2010 17:23,0.55,15390,Canada,13.2,67,71979
365,529161,22551,PLASTERS IN TIN SPACEBOY,12,26-10-2010 17:23,1.65,15390,Canada,19.8,67,71979
366,529161,22614,PACK OF 12 SPACEBOY TISSUES,24,26-10-2010 17:23,0.29,15390,Canada,6.96,67,71979
367,529161,21986,PACK OF 12 PINK POLKADOT TISSUES,24,26-10-2010 17:23,0.29,15390,Canada,6.96,67,71979
368,529161,21577,SAVE THE PLANET COTTON TOTE BAG,12,26-10-2010 17:23,2.25,15390,Canada,27,67,71979
369,529161,22557,PLASTERS IN TIN VINTAGE PAISLEY ,12,26-10-2010 17:23,1.65,15390,Canada,19.8,67,71979
370,529161,22090,PAPER BUNTING RETROSPOT,6,26-10-2010 17:23,2.95,15390,Canada,17.7,67,71979
371,529161,22318,FIVE HEART HANGING DECORATION,6,26-10-2010 17:23,2.95,15390,Canada,17.7,67,71979
372,529161,21408,SPOTTY PINK DUCK DOORSTOP,3,26-10-2010 17:23,4.25,15390,Canada,12.75,67,71979
373,529161,21975,PACK OF 60 DINOSAUR CAKE CASES,24,26-10-2010 17:23,0.55,15390,Canada,13.2,67,71979
374,529161,21977,PACK OF 60 PINK PAISLEY CAKE CASES,24,26-10-2010 17:23,0.55,15390,Canada,13.2,67,71979
375,529161,21871,SAVE THE PLANET MUG,12,26-10-2010 17:23,1.25,15390,Canada,15,67,71979
376,529161,21559,STRAWBERRY LUNCH BOX WITH CUTLERY,6,26-10-2010 17:23,2.55,15390,Canada,15.3,67,71979
377,529161,22983,"CARD, BILLBOARD FONT",12,26-10-2010 17:23,0.42,15390,Canada,5.04,67,71979
378,529161,21846,PINK DIAMANTE PEN IN GIFT BOX,24,26-10-2010 17:23,1.25,15390,Canada,30,67,71979
379,529161,22910,PAPER CHAIN KIT VINTAGE CHRISTMAS,6,26-10-2010 17:23,2.95,15390,Canada,17.7,67,71979
380,529161,22276,WASH BAG VINTAGE ROSE PAISLEY,6,26-10-2010 17:23,2.55,15390,Canada,15.3,67,71979
381,529161,20682,RED RETROSPOT CHILDRENS UMBRELLA,6,26-10-2010 17:23,3.25,15390,Canada,19.5,67,71979
382,529161,85025B,EAU DE NILE HEART SHAPE PHOTO FRAME,12,26-10-2010 17:23,1.65,15390,Canada,19.8,67,71979
383,529161,85023B,EAU DE NILE JEWELLED PHOTOFRAME,6,26-10-2010 17:23,2.55,15390,Canada,15.3,67,71979
384,529161,22321,BIRD DECORATION RED RETROSPOT,12,26-10-2010 17:23,0.85,15390,Canada,10.2,67,71979
385,529161,22344,PARTY PIZZA DISH PINK POLKADOT,12,26-10-2010 17:23,0.85,15390,Canada,10.2,67,71979
386,529161,21242,RED RETROSPOT PLATE ,16,26-10-2010 17:23,1.69,15390,Canada,27.04,67,71979
387,529161,21243,PINK  POLKADOT PLATE ,16,26-10-2010 17:23,1.69,15390,Canada,27.04,67,71979
388,529161,21244,BLUE POLKADOT PLATE ,16,26-10-2010 17:23,1.69,15390,Canada,27.04,67,71979
389,529161,21238,RED RETROSPOT CUP,16,26-10-2010 17:23,0.85,15390,Canada,13.6,67,71979
390,529161,21239,PINK  POLKADOT CUP,16,26-10-2010 17:23,0.85,15390,Canada,13.6,67,71979
391,529161,21240,BLUE POLKADOT CUP,16,26-10-2010 17:23,0.85,15390,Canada,13.6,67,71979
392,529161,22343,PARTY PIZZA DISH RED RETROSPOT,12,26-10-2010 17:23,0.85,15390,Canada,10.2,67,71979
393,529161,22345,PARTY PIZZA DISH BLUE POLKADOT,12,26-10-2010 17:23,0.85,15390,Canada,10.2,67,71979
394,529924,22698,PINK REGENCY TEACUP AND SAUCER,6,31-10-2010 14:20,2.95,12347,Iceland,17.7,53,98522
395,529924,22699,ROSES REGENCY TEACUP AND SAUCER ,6,31-10-2010 14:20,2.95,12347,Iceland,17.7,53,98522
396,529924,20985,HEART CALCULATOR,12,31-10-2010 14:20,1.25,12347,Iceland,15,53,98522
397,529924,22418,10 COLOUR SPACEBOY PEN,24,31-10-2010 14:20,0.85,12347,Iceland,20.4,53,98522
398,529924,22422,TOOTHPASTE TUBE PEN,12,31-10-2010 14:20,0.65,12347,Iceland,7.8,53,98522
399,529924,51014A,"FEATHER PEN,HOT PINK",12,31-10-2010 14:20,0.85,12347,Iceland,10.2,53,98522
400,529924,51014C,"FEATHER PEN,COAL BLACK",12,31-10-2010 14:20,0.85,12347,Iceland,10.2,53,98522
401,529924,51014L,"FEATHER PEN,LIGHT PINK",12,31-10-2010 14:20,0.85,12347,Iceland,10.2,53,98522
402,529924,22709,WRAP WEDDING DAY,25,31-10-2010 14:20,0.42,12347,Iceland,10.5,53,98522
403,529924,22045,SPACEBOY GIFT WRAP,25,31-10-2010 14:20,0.42,12347,Iceland,10.5,53,98522
404,529924,84558A,3D DOG PICTURE PLAYING CARDS,6,31-10-2010 14:20,2.95,12347,Iceland,17.7,53,98522
405,529924,22534,MAGIC DRAWING SLATE SPACEBOY ,24,31-10-2010 14:20,0.42,12347,Iceland,10.08,53,98522
406,529924,22530,MAGIC DRAWING SLATE DOLLY GIRL ,24,31-10-2010 14:20,0.42,12347,Iceland,10.08,53,98522
407,529924,22196,SMALL HEART MEASURING SPOONS,12,31-10-2010 14:20,0.85,12347,Iceland,10.2,53,98522
408,529924,21739,COSY SLIPPER SHOES SMALL GREEN,6,31-10-2010 14:20,2.95,12347,Iceland,17.7,53,98522
409,529924,21741,COSY SLIPPER SHOES LARGE GREEN,6,31-10-2010 14:20,2.95,12347,Iceland,17.7,53,98522
410,529924,47594A,CAROUSEL DESIGN WASHBAG,6,31-10-2010 14:20,1.95,12347,Iceland,11.7,53,98522
411,529924,20966,SANDWICH BATH SPONGE,10,31-10-2010 14:20,1.25,12347,Iceland,12.5,53,98522
412,529924,72819,CUPID DESIGN SCENTED CANDLES,6,31-10-2010 14:20,2.55,12347,Iceland,15.3,53,98522
413,529924,35471D,SET OF 3 BIRD LIGHT PINK FEATHER,12,31-10-2010 14:20,1.25,12347,Iceland,15,53,98522
414,529924,22244,3 HOOK HANGER MAGIC GARDEN,12,31-10-2010 14:20,1.95,12347,Iceland,23.4,53,98522
415,529924,22245,"HOOK, 1 HANGER ,MAGIC GARDEN",12,31-10-2010 14:20,0.85,12347,Iceland,10.2,53,98522
416,529924,47559B,TEA TIME OVEN GLOVE,10,31-10-2010 14:20,1.25,12347,Iceland,12.5,53,98522
417,529924,21976,PACK OF 60 MUSHROOM CAKE CASES,24,31-10-2010 14:20,0.55,12347,Iceland,13.2,53,98522
418,529924,84991,60 TEATIME FAIRY CAKE CASES,24,31-10-2010 14:20,0.55,12347,Iceland,13.2,53,98522
419,529924,84992,72 SWEETHEART FAIRY CAKE CASES,24,31-10-2010 14:20,0.55,12347,Iceland,13.2,53,98522
420,529924,22423,REGENCY CAKESTAND 3 TIER,3,31-10-2010 14:20,12.75,12347,Iceland,38.25,53,98522
421,529924,22697,GREEN REGENCY TEACUP AND SAUCER,6,31-10-2010 14:20,2.95,12347,Iceland,17.7,53,98522
422,529924,20712,JUMBO BAG WOODLAND ANIMALS,10,31-10-2010 14:20,1.95,12347,Iceland,19.5,53,98522
423,529924,21372,MIRRORED WALL ART TABLE LAMP,24,31-10-2010 14:20,0.85,12347,Iceland,20.4,53,98522
424,529924,21144,PINK POODLE HANGING DECORATION ,24,31-10-2010 14:20,0.38,12347,Iceland,9.12,53,98522
425,529924,84625A,PINK NEW BAROQUECANDLESTICK CANDLE,6,31-10-2010 14:20,2.95,12347,Iceland,17.7,53,98522
426,529924,84625C,BLUE NEW BAROQUE CANDLESTICK CANDLE,6,31-10-2010 14:20,2.95,12347,Iceland,17.7,53,98522
427,529924,84625D,WHITE NEWBAROQUE CANDLESTICK CANDLE,6,31-10-2010 14:20,2.95,12347,Iceland,17.7,53,98522
428,529924,21579,LOLITA  DESIGN  COTTON TOTE BAG,6,31-10-2010 14:20,2.25,12347,Iceland,13.5,53,98522
429,529924,21578,WOODLAND DESIGN  COTTON TOTE BAG,6,31-10-2010 14:20,2.25,12347,Iceland,13.5,53,98522
430,529924,20719,WOODLAND CHARLOTTE BAG,10,31-10-2010 14:20,0.85,12347,Iceland,8.5,53,98522
431,529924,22331,WOODLAND PARTY BAG + STICKER SET,16,31-10-2010 14:20,1.65,12347,Iceland,26.4,53,98522
432,529924,47599A,PINK PARTY BAGS,12,31-10-2010 14:20,2.1,12347,Iceland,25.2,53,98522
433,529924,20716,PARTY FOOD SHOPPER BAG,10,31-10-2010 14:20,1.25,12347,Iceland,12.5,53,98522
434,531495,22508,DOORSTOP RETROSPOT HEART,4,08-11-2010 15:19,3.75,15390,Canada,15,67,71979
435,531495,21328,BALLOONS  WRITING SET ,12,08-11-2010 15:19,1.65,15390,Canada,19.8,67,71979
436,531495,20996,JAZZ HEARTS ADDRESS BOOK,24,08-11-2010 15:19,0.42,15390,Canada,10.08,67,71979
437,531495,22505,MEMO BOARD COTTAGE DESIGN,4,08-11-2010 15:19,4.95,15390,Canada,19.8,67,71979
438,531495,20961,STRAWBERRY BATH SPONGE ,10,08-11-2010 15:19,1.25,15390,Canada,12.5,67,71979
439,531495,20966,SANDWICH BATH SPONGE,10,08-11-2010 15:19,1.25,15390,Canada,12.5,67,71979
440,531495,84946,ANTIQUE SILVER TEA GLASS ETCHED,12,08-11-2010 15:19,1.25,15390,Canada,15,67,71979
441,531495,21693,SMALL HAMMERED SILVER CANDLEPOT ,6,08-11-2010 15:19,2.95,15390,Canada,17.7,67,71979
442,531495,22139,RETROSPOT TEA SET CERAMIC 11 PC,3,08-11-2010 15:19,4.95,15390,Canada,14.85,67,71979
443,531495,22030,SWALLOWS GREETING CARD,12,08-11-2010 15:19,0.42,15390,Canada,5.04,67,71979
444,531495,22786,PILLOWCUSHION COVER PINK UNION JACK,2,08-11-2010 15:19,5.95,15390,Canada,11.9,67,71979
445,531495,20677,PINK POLKADOT BOWL,8,08-11-2010 15:19,1.25,15390,Canada,10,67,71979
446,531495,20675,BLUE POLKADOT BOWL,8,08-11-2010 15:19,1.25,15390,Canada,10,67,71979
447,531495,20676,RED RETROSPOT BOWL,8,08-11-2010 15:19,1.25,15390,Canada,10,67,71979
448,531495,22771,CLEAR DRAWER KNOB ACRYLIC EDWARDIAN,12,08-11-2010 15:19,1.25,15390,Canada,15,67,71979
449,531495,22513,DOORSTOP FOOTBALL DESIGN,4,08-11-2010 15:19,3.75,15390,Canada,15,67,71979
450,531495,21429,RED GINGHAM ROSE JEWELLERY BOX,8,08-11-2010 15:19,1.65,15390,Canada,13.2,67,71979
451,531495,84535B,FAIRY CAKES NOTEBOOK A6 SIZE,16,08-11-2010 15:19,0.65,15390,Canada,10.4,67,71979
452,531495,22580,ADVENT CALENDAR GINGHAM SACK,3,08-11-2010 15:19,5.95,15390,Canada,17.85,67,71979
453,531495,84950,ASSORTED COLOUR T-LIGHT HOLDER,12,08-11-2010 15:19,0.65,15390,Canada,7.8,67,71979
454,531495,85123A,WHITE HANGING HEART T-LIGHT HOLDER,6,08-11-2010 15:19,2.95,15390,Canada,17.7,67,71979
455,531495,22617,BAKING SET SPACEBOY DESIGN,3,08-11-2010 15:19,4.95,15390,Canada,14.85,67,71979
456,531495,85129B,BEADED CRYSTAL HEART GREEN SMALL,12,08-11-2010 15:19,1.25,15390,Canada,15,67,71979
457,531495,21107,CREAM SLICE FLANNEL PINK SPOT ,6,08-11-2010 15:19,2.95,15390,Canada,17.7,67,71979
458,531495,21111,"SWISS ROLL TOWEL, CHOCOLATE  SPOTS",6,08-11-2010 15:19,2.95,15390,Canada,17.7,67,71979
459,531495,21106,CREAM SLICE FLANNEL CHOCOLATE SPOT ,6,08-11-2010 15:19,2.95,15390,Canada,17.7,67,71979
460,531495,21112,"SWISS ROLL TOWEL, PINK  SPOTS",6,08-11-2010 15:19,2.95,15390,Canada,17.7,67,71979
461,532109,85232B,SET OF 3 BABUSHKA STACKING TINS,6,10-11-2010 16:40,4.95,12666,Israel,29.7,31,32916
462,532109,22358,KINGS CHOICE TEA CADDY ,12,10-11-2010 16:40,2.95,12666,Israel,35.4,31,32916
463,532109,22357,KINGS CHOICE BISCUIT TIN,6,10-11-2010 16:40,4.25,12666,Israel,25.5,31,32916
464,532109,22192,BLUE DINER WALL CLOCK,12,10-11-2010 16:40,7.65,12666,Israel,91.8,31,32916
465,532109,22191,IVORY DINER WALL CLOCK,24,10-11-2010 16:40,7.65,12666,Israel,183.6,31,32916
466,532109,22726,ALARM CLOCK BAKELIKE GREEN,8,10-11-2010 16:40,3.75,12666,Israel,30,31,32916
467,532109,22729,ALARM CLOCK BAKELIKE ORANGE,4,10-11-2010 16:40,3.75,12666,Israel,15,31,32916
468,532109,22727,ALARM CLOCK BAKELIKE RED ,4,10-11-2010 16:40,3.75,12666,Israel,15,31,32916
469,532109,21165,BEWARE OF THE CAT METAL SIGN ,12,10-11-2010 16:40,1.69,12666,Israel,20.28,31,32916
470,532109,22670,FRENCH WC SIGN BLUE METAL,24,10-11-2010 16:40,1.25,12666,Israel,30,31,32916
471,532109,22674,FRENCH TOILET SIGN BLUE METAL,12,10-11-2010 16:40,1.25,12666,Israel,15,31,32916
472,532109,22672,FRENCH BATHROOM SIGN BLUE METAL,12,10-11-2010 16:40,1.65,12666,Israel,19.8,31,32916
473,532109,22686,"FRENCH BLUE METAL DOOR SIGN, No",12,10-11-2010 16:40,1.25,12666,Israel,15,31,32916
474,532109,22685,"FRENCH BLUE METAL DOOR SIGN, 0",10,10-11-2010 16:40,1.25,12666,Israel,12.5,31,32916
475,532109,22684,"FRENCH BLUE METAL DOOR SIGN, 9",10,10-11-2010 16:40,1.25,12666,Israel,12.5,31,32916
476,532109,22683,"FRENCH BLUE METAL DOOR SIGN, 8",10,10-11-2010 16:40,1.25,12666,Israel,12.5,31,32916
477,532109,22682,"FRENCH BLUE METAL DOOR SIGN, 7",10,10-11-2010 16:40,1.25,12666,Israel,12.5,31,32916
478,532109,22681,"FRENCH BLUE METAL DOOR SIGN, 6",10,10-11-2010 16:40,1.25,12666,Israel,12.5,31,32916
479,532109,22680,"FRENCH BLUE METAL DOOR SIGN, 5",10,10-11-2010 16:40,1.25,12666,Israel,12.5,31,32916
480,532109,22679,"FRENCH BLUE METAL DOOR SIGN, 4",10,10-11-2010 16:40,1.25,12666,Israel,12.5,31,32916
481,532109,22678,"FRENCH BLUE METAL DOOR SIGN, 3",10,10-11-2010 16:40,1.25,12666,Israel,12.5,31,32916
482,532109,22677,"FRENCH BLUE METAL DOOR SIGN, 2",10,10-11-2010 16:40,1.25,12666,Israel,12.5,31,32916
483,532109,22676,"FRENCH BLUE METAL DOOR SIGN, 1",10,10-11-2010 16:40,1.25,12666,Israel,12.5,31,32916
484,532109,22690,DOORMAT HOME SWEET HOME BLUE ,10,10-11-2010 16:40,6.75,12666,Israel,67.5,31,32916
485,532109,48187,DOORMAT NEW ENGLAND,30,10-11-2010 16:40,6.75,12666,Israel,202.5,31,32916
486,532109,22457,NATURAL SLATE HEART CHALKBOARD ,12,10-11-2010 16:40,2.95,12666,Israel,35.4,31,32916
487,532109,22847,BREAD BIN DINER STYLE IVORY,1,10-11-2010 16:40,16.95,12666,Israel,16.95,31,32916
488,532109,22846,BREAD BIN DINER STYLE RED ,1,10-11-2010 16:40,16.95,12666,Israel,16.95,31,32916
489,532109,84792,ENCHANTED BIRD COATHANGER 5 HOOK,24,10-11-2010 16:40,3.81,12666,Israel,91.44,31,32916
490,532109,22474,SPACEBOY TV DINNER TRAY,32,10-11-2010 16:40,4.25,12666,Israel,136,31,32916
491,532109,82482,WOODEN PICTURE FRAME WHITE FINISH,12,10-11-2010 16:40,2.55,12666,Israel,30.6,31,32916
492,532556,22483,RED GINGHAM TEDDY BEAR ,6,12-11-2010 12:44,2.95,12576,Poland,17.7,24,29134
493,532556,21889,WOODEN BOX OF DOMINOES,12,12-11-2010 12:44,1.25,12576,Poland,15,24,29134
494,532556,22652,TRAVEL SEWING KIT,10,12-11-2010 12:44,1.65,12576,Poland,16.5,24,29134
495,532556,15056BL,EDWARDIAN PARASOL BLACK,3,12-11-2010 12:44,5.95,12576,Poland,17.85,24,29134
496,532556,21926,RED/CREAM STRIPE CUSHION COVER ,12,12-11-2010 12:44,1.25,12576,Poland,15,24,29134
497,532556,79000,MOROCCAN TEA GLASS,12,12-11-2010 12:44,0.85,12576,Poland,10.2,24,29134
498,532556,82580,BATHROOM METAL SIGN,12,12-11-2010 12:44,0.55,12576,Poland,6.6,24,29134
499,532556,22676,FRENCH BLUE METAL DOOR SIGN 1,10,12-11-2010 12:44,1.25,12576,Poland,12.5,24,29134
500,532556,22677,FRENCH BLUE METAL DOOR SIGN 2,10,12-11-2010 12:44,1.25,12576,Poland,12.5,24,29134
501,532556,22581,WOOD STOCKING CHRISTMAS SCANDISPOT,12,12-11-2010 12:44,0.85,12576,Poland,10.2,24,29134
502,532556,22602,CHRISTMAS RETROSPOT HEART WOOD,12,12-11-2010 12:44,0.85,12576,Poland,10.2,24,29134
503,532556,22601,CHRISTMAS RETROSPOT ANGEL WOOD,12,12-11-2010 12:44,0.85,12576,Poland,10.2,24,29134
504,532556,22595,CHRISTMAS GINGHAM HEART,12,12-11-2010 12:44,0.85,12576,Poland,10.2,24,29134
505,532556,22574,HEART WOODEN CHRISTMAS DECORATION,12,12-11-2010 12:44,0.85,12576,Poland,10.2,24,29134
506,532556,22599,CHRISTMAS MUSICAL ZINC STAR,12,12-11-2010 12:44,0.85,12576,Poland,10.2,24,29134
507,532556,22597,CHRISTMAS MUSICAL ZINC HEART ,12,12-11-2010 12:44,0.85,12576,Poland,10.2,24,29134
508,532556,22336,DOVE DECORATION PAINTED ZINC ,24,12-11-2010 12:44,0.65,12576,Poland,15.6,24,29134
509,532556,21807,WHITE CHRISTMAS STAR DECORATION,36,12-11-2010 12:44,0.42,12576,Poland,15.12,24,29134
510,532556,22294,HEART FILIGREE DOVE  SMALL,24,12-11-2010 12:44,1.25,12576,Poland,30,24,29134
511,532556,22588,CARD HOLDER GINGHAM HEART,6,12-11-2010 12:44,2.55,12576,Poland,15.3,24,29134
512,532626,22845,VINTAGE CREAM CAT FOOD CONTAINER,2,12-11-2010 15:33,6.35,12779,Poland,12.7,23,56463
513,532626,22844,VINTAGE CREAM DOG FOOD CONTAINER,2,12-11-2010 15:33,8.5,12779,Poland,17,23,56463
514,532626,22186,RED STAR CARD HOLDER,6,12-11-2010 15:33,2.95,12779,Poland,17.7,23,56463
515,532626,22121,NOEL WOODEN BLOCK LETTERS ,3,12-11-2010 15:33,5.95,12779,Poland,17.85,23,56463
516,532626,21349,IVY HEART WREATH,2,12-11-2010 15:33,6.75,12779,Poland,13.5,23,56463
517,532626,47559B,TEA TIME OVEN GLOVE,10,12-11-2010 15:33,1.25,12779,Poland,12.5,23,56463
518,532626,20752,BLUE POLKADOT WASHING UP GLOVES,6,12-11-2010 15:33,2.1,12779,Poland,12.6,23,56463
519,532626,21926,RED/CREAM STRIPE CUSHION COVER ,12,12-11-2010 15:33,1.25,12779,Poland,15,23,56463
520,532626,21927,BLUE/CREAM STRIPE CUSHION COVER ,12,12-11-2010 15:33,1.25,12779,Poland,15,23,56463
521,532626,22865,HAND WARMER OWL DESIGN,12,12-11-2010 15:33,2.1,12779,Poland,25.2,23,56463
522,532626,22866,HAND WARMER SCOTTY DOG DESIGN,12,12-11-2010 15:33,2.1,12779,Poland,25.2,23,56463
523,532626,22169,FAMILY ALBUM WHITE PICTURE FRAME,2,12-11-2010 15:33,8.5,12779,Poland,17,23,56463
524,532626,84913A,SOFT PINK ROSE TOWEL ,4,12-11-2010 15:33,4.65,12779,Poland,18.6,23,56463
525,532626,84849B,FAIRY SOAP SOAP HOLDER,12,12-11-2010 15:33,1.69,12779,Poland,20.28,23,56463
526,532626,22195,LARGE HEART MEASURING SPOONS,12,12-11-2010 15:33,1.65,12779,Poland,19.8,23,56463
527,532626,22690,DOORMAT HOME SWEET HOME BLUE ,2,12-11-2010 15:33,7.95,12779,Poland,15.9,23,56463
528,532626,48184,DOORMAT ENGLISH ROSE ,2,12-11-2010 15:33,7.95,12779,Poland,15.9,23,56463
529,532626,84970S,HANGING HEART ZINC T-LIGHT HOLDER,12,12-11-2010 15:33,0.85,12779,Poland,10.2,23,56463
530,532626,21733,RED HANGING HEART T-LIGHT HOLDER,6,12-11-2010 15:33,2.95,12779,Poland,17.7,23,56463
531,532626,22572,ROCKING HORSE GREEN CHRISTMAS ,36,12-11-2010 15:33,0.85,12779,Poland,30.6,23,56463
532,532626,22593,CHRISTMAS GINGHAM STAR,12,12-11-2010 15:33,0.85,12779,Poland,10.2,23,56463
533,532626,22594,CHRISTMAS GINGHAM TREE,12,12-11-2010 15:33,0.85,12779,Poland,10.2,23,56463
534,532626,22059,CERAMIC STRAWBERRY DESIGN MUG,12,12-11-2010 15:33,1.49,12779,Poland,17.88,23,56463
535,532626,22057,CERAMIC PLATE STRAWBERRY DESIGN,12,12-11-2010 15:33,1.49,12779,Poland,17.88,23,56463
536,532626,37447,CERAMIC CAKE DESIGN SPOTTED PLATE,12,12-11-2010 15:33,1.49,12779,Poland,17.88,23,56463
537,532626,22571,ROCKING HORSE RED CHRISTMAS ,36,12-11-2010 15:33,0.85,12779,Poland,30.6,23,56463
538,532626,22694,WICKER STAR ,6,12-11-2010 15:33,2.1,12779,Poland,12.6,23,56463
539,532626,20712,JUMBO BAG WOODLAND ANIMALS,10,12-11-2010 15:33,1.95,12779,Poland,19.5,23,56463
540,532626,21232,STRAWBERRY CERAMIC TRINKET BOX,12,12-11-2010 15:33,1.25,12779,Poland,15,23,56463
541,532626,37450,CERAMIC CAKE BOWL + HANGING CAKES,6,12-11-2010 15:33,2.95,12779,Poland,17.7,23,56463
542,532626,22055,MINI CAKE STAND  HANGING STRAWBERY,8,12-11-2010 15:33,1.65,12779,Poland,13.2,23,56463
543,532626,22624,IVORY KITCHEN SCALES,2,12-11-2010 15:33,8.5,12779,Poland,17,23,56463
544,536971,21733,RED HANGING HEART T-LIGHT HOLDER,32,03-12-2010 13:40,2.55,12779,Poland,81.6,23,56463
545,536971,21232,STRAWBERRY CERAMIC TRINKET BOX,24,03-12-2010 13:40,1.25,12779,Poland,30,23,56463
546,536971,37446,MINI CAKE STAND WITH HANGING CAKES,8,03-12-2010 13:40,1.45,12779,Poland,11.6,23,56463
547,536971,37448,CERAMIC CAKE DESIGN SPOTTED MUG,24,03-12-2010 13:40,1.49,12779,Poland,35.76,23,56463
548,536971,21700,BIG DOUGHNUT FRIDGE MAGNETS,24,03-12-2010 13:40,0.85,12779,Poland,20.4,23,56463
549,536971,22844,VINTAGE CREAM DOG FOOD CONTAINER,4,03-12-2010 13:40,8.5,12779,Poland,34,23,56463
550,536971,22961,JAM MAKING SET PRINTED,12,03-12-2010 13:40,1.45,12779,Poland,17.4,23,56463
551,536971,22969,HOMEMADE JAM SCENTED CANDLES,12,03-12-2010 13:40,1.45,12779,Poland,17.4,23,56463
552,537626,85116,BLACK CANDELABRA T-LIGHT HOLDER,12,07-12-2010 14:57,2.1,12347,Iceland,25.2,53,98522
553,537626,22375,AIRLINE BAG VINTAGE JET SET BROWN,4,07-12-2010 14:57,4.25,12347,Iceland,17,53,98522
554,537626,71477,COLOUR GLASS. STAR T-LIGHT HOLDER,12,07-12-2010 14:57,3.25,12347,Iceland,39,53,98522
555,537626,22492,MINI PAINT SET VINTAGE ,36,07-12-2010 14:57,0.65,12347,Iceland,23.4,53,98522
556,537626,22771,CLEAR DRAWER KNOB ACRYLIC EDWARDIAN,12,07-12-2010 14:57,1.25,12347,Iceland,15,53,98522
557,537626,22772,PINK DRAWER KNOB ACRYLIC EDWARDIAN,12,07-12-2010 14:57,1.25,12347,Iceland,15,53,98522
558,537626,22773,GREEN DRAWER KNOB ACRYLIC EDWARDIAN,12,07-12-2010 14:57,1.25,12347,Iceland,15,53,98522
559,537626,22774,RED DRAWER KNOB ACRYLIC EDWARDIAN,12,07-12-2010 14:57,1.25,12347,Iceland,15,53,98522
560,537626,22775,PURPLE DRAWERKNOB ACRYLIC EDWARDIAN,12,07-12-2010 14:57,1.25,12347,Iceland,15,53,98522
561,537626,22805,BLUE DRAWER KNOB ACRYLIC EDWARDIAN,12,07-12-2010 14:57,1.25,12347,Iceland,15,53,98522
562,537626,22725,ALARM CLOCK BAKELIKE CHOCOLATE,4,07-12-2010 14:57,3.75,12347,Iceland,15,53,98522
563,537626,22726,ALARM CLOCK BAKELIKE GREEN,4,07-12-2010 14:57,3.75,12347,Iceland,15,53,98522
564,537626,22727,ALARM CLOCK BAKELIKE RED ,4,07-12-2010 14:57,3.75,12347,Iceland,15,53,98522
565,537626,22728,ALARM CLOCK BAKELIKE PINK,4,07-12-2010 14:57,3.75,12347,Iceland,15,53,98522
566,537626,22729,ALARM CLOCK BAKELIKE ORANGE,4,07-12-2010 14:57,3.75,12347,Iceland,15,53,98522
567,537626,22212,FOUR HOOK  WHITE LOVEBIRDS,6,07-12-2010 14:57,2.1,12347,Iceland,12.6,53,98522
568,537626,85167B,BLACK GRAND BAROQUE PHOTO FRAME,30,07-12-2010 14:57,1.25,12347,Iceland,37.5,53,98522
569,537626,21171,BATHROOM METAL SIGN ,12,07-12-2010 14:57,1.45,12347,Iceland,17.4,53,98522
570,537626,22195,LARGE HEART MEASURING SPOONS,12,07-12-2010 14:57,1.65,12347,Iceland,19.8,53,98522
571,537626,84969,BOX OF 6 ASSORTED COLOUR TEASPOONS,6,07-12-2010 14:57,4.25,12347,Iceland,25.5,53,98522
572,537626,84997C,BLUE 3 PIECE POLKADOT CUTLERY SET,6,07-12-2010 14:57,3.75,12347,Iceland,22.5,53,98522
573,537626,84997B,RED 3 PIECE RETROSPOT CUTLERY SET,6,07-12-2010 14:57,3.75,12347,Iceland,22.5,53,98522
574,537626,84997D,PINK 3 PIECE POLKADOT CUTLERY SET,6,07-12-2010 14:57,3.75,12347,Iceland,22.5,53,98522
575,537626,22494,EMERGENCY FIRST AID TIN ,12,07-12-2010 14:57,1.25,12347,Iceland,15,53,98522
576,537626,22497,SET OF 2 TINS VINTAGE BATHROOM,4,07-12-2010 14:57,4.25,12347,Iceland,17,53,98522
577,537626,85232D,SET/3 DECOUPAGE STACKING TINS,3,07-12-2010 14:57,4.95,12347,Iceland,14.85,53,98522
578,537626,21064,BOOM BOX SPEAKER BOYS,6,07-12-2010 14:57,5.95,12347,Iceland,35.7,53,98522
579,537626,21731,RED TOADSTOOL LED NIGHT LIGHT,12,07-12-2010 14:57,1.65,12347,Iceland,19.8,53,98522
580,537626,84558A,3D DOG PICTURE PLAYING CARDS,24,07-12-2010 14:57,2.95,12347,Iceland,70.8,53,98522
581,537626,20780,BLACK EAR MUFF HEADPHONES,12,07-12-2010 14:57,4.65,12347,Iceland,55.8,53,98522
582,537626,20782,CAMOUFLAGE EAR MUFF HEADPHONES,6,07-12-2010 14:57,5.49,12347,Iceland,32.94,53,98522
